,call_durn,inter_tfm_durn,tfm_overlap_prob,num_bats
0,3.4,40,0.0211,2
1,3.4,50,0.015525,2
2,3.4,40,0.042800000000000005,3
3,3.4,50,0.030324999999999998,3
